{"cameraMode":{"drawMode":0,"name":"Shaded","section":"Shading Mode"},"sceneLighting":true,"audioPlay":false,"sceneViewState":{"showFog":true,"showMaterialUpdate":false,"showSkybox":true,"showFlares":true,"showImageEffects":true,"showParticleSystems":true},"in2DMode":false,"pivot":{"x":-9.381653785705567,"y":-9.398175239562989,"z":2.2246665954589845},"rotation":{"x":-0.27783507108688357,"y":0.6844918131828308,"z":-0.3208337426185608,"w":-0.5927559733390808},"size":10.920249938964844,"orthographic":false}